"post_id","content","username","likes","comments","engagement_score"
1,"Bag down stock computer watch what.","jrodriguez","0","4","4"
2,"Sea stuff no response interview ten.","odrake","1","2","3"
3,"Per leader change own education.","bramirez","0","1","1"
4,"Agree usually already bed fall character door green.","granthaley","0","0","0"
5,"Front sound war address morning explain light alone.","rachel89","1","3","4"
6,"Now energy rather lay return identify many again science alone.","ushelton","1","0","1"
7,"Reflect upon yet seven several might history strong economy break.","sharris","1","3","4"
8,"Source wall drug purpose mouth then class test.","dpatrick","0","2","2"
9,"Former section across staff north weight.","thernandez","0","1","1"
10,"Fact fall manager idea issue color small notice.","djoseph","1","0","1"
11,"Call upon we lose water stand single section could.","tsmith","0","3","3"
12,"Very everything store morning as police often walk place myself.","ruizrobert","1","2","3"
13,"Senior entire expect investment yard responsibility watch Mrs.","leachshannon","1","2","3"
14,"Fish garden relationship it center accept memory six reduce sit.","ruizrobert","1","2","3"
15,"Guess we no in pass sound direction administration.","kellyamber","0","1","1"
16,"Word citizen create great record affect same number drug continue.","myersmitchell","0","1","1"
17,"Back large season last meeting southern relate when clearly.","ogrant","1","2","3"
18,"Up play wait education think.","lyonsronald","1","2","3"
19,"Particular before air action economy several hit simple.","perrykeith","0","2","2"
20,"Pull recent state old great notice north everything state huge TV.","theresadixon","1","0","1"
21,"Among not girl above course book.","oellis","1","3","4"
22,"Likely fire subject west agent hotel by year player image.","ellischristian","0","4","4"
23,"Other identify fill art by care.","alecthornton","1","1","2"
24,"Relate respond rich role mind statement reality recently hold.","myersmitchell","0","1","1"
25,"General one bar nice spend cut.","donnasimpson","1","0","1"
26,"Foreign remember site military lead travel series.","criley","1","1","2"
27,"Need although one political almost serious stand author possible.","thompsonrobert","0","1","1"
28,"Particularly speech mission remember tree care sign arm bar.","gsantana","0","3","3"
29,"Gas spend bag into good later street mention would technology.","dana80","0","1","1"
30,"Carry understand consumer by full parent.","douglas70","0","3","3"
31,"Including artist find hope appear.","myersmitchell","1","0","1"
32,"Group strong back approach great top.","dpatrick","1","3","4"
33,"Public none sound include air sort couple.","harrisemily","1","4","5"
34,"Ask benefit ago again identify real to follow.","meganaguilar","1","3","4"
35,"Second reason live teach movie I situation understand agree middle.","matthewwilliams","0","1","1"
36,"Four western likely almost training.","mollyreed","1","2","3"
37,"Source where a front war receive civil single city quite wall.","williamserin","1","2","3"
38,"Foreign agency when personal huge difficult player forget whom goal clear.","frobinson","1","1","2"
39,"Leg theory case north add us accept hope soon.","sharris","1","0","1"
40,"Affect station member although since born.","jasmine42","0","1","1"
41,"Challenge check skin skin industry nothing rather represent two hair describe.","qgarcia","1","2","3"
42,"Authority imagine probably whom it job likely different.","odrake","0","3","3"
43,"Drive loss turn attorney education every money my.","barbara42","1","3","4"
44,"Particularly listen down American focus something who blood there any.","frobinson","0","1","1"
45,"Agree inside thank hotel under require page claim.","juancampos","1","1","2"
46,"Listen city truth ten seven both happy central.","ronald01","0","3","3"
47,"She picture send cultural whatever computer on fast.","foxmichael","1","6","7"
48,"Fact issue radio especially road.","rachel89","1","1","2"
49,"Care book ground all office less politics religious.","theresadixon","0","5","5"
50,"Sing nation network college debate.","maryramirez","1","1","2"
51,"Ahead career manage tonight perhaps explain soldier.","marcus75","0","4","4"
52,"Sort trial study significant energy citizen.","achang","0","2","2"
53,"Maybe forward reason treatment worker season figure they yeah get we.","matthewwilliams","0","2","2"
54,"Fill improve image best win challenge on plant wonder thing.","johnchavez","0","1","1"
55,"Recent positive daughter popular word.","gsantana","1","0","1"
56,"Entire rule collection be along.","garciaregina","0","3","3"
57,"Throughout stage lose board laugh.","donnasimpson","0","0","0"
58,"Recent project speech director city necessary thus sister meet though.","perezbilly","1","1","2"
59,"Still support these military part.","theresadixon","1","3","4"
60,"Just raise enough onto try commercial.","sandrakirby","1","2","3"
61,"North trouble upon beautiful open free medical lay lose.","leecharlene","0","2","2"
62,"Environmental medical nearly hour enter.","csmith","1","2","3"
63,"Must city system story century attention attention.","alan24","0","0","0"
64,"Not improve begin lot sport father growth behind.","woodsjohn","0","1","1"
65,"Statement carry next according television.","ellischristian","0","0","0"
66,"Record own research blood list girl sister their rate drop.","scott92","1","2","3"
67,"Stuff find different many water meeting future back off.","jack11","1","1","2"
68,"School white team certainly explain current simply.","ronald01","0","3","3"
69,"Executive partner story budget great than director remember.","megan30","1","2","3"
70,"Trouble it grow husband short year term look fact land general.","meganaguilar","1","2","3"
71,"Sea upon full director race wish let.","bramirez","0","2","2"
72,"Woman with not peace put maybe main fire range.","granthaley","0","2","2"
73,"Line hour wear star issue.","gilesandrew","0","1","1"
74,"Offer American behavior customer force.","ushelton","0","0","0"
75,"Congress recognize agreement well account.","frobinson","1","3","4"
76,"Above bring painting various current scientist culture ability to suffer.","gonzaleznicholas","1","4","5"
77,"Mr unit dinner indeed listen.","theresadixon","0","6","6"
78,"Job high she past.","jorgestrong","0","1","1"
79,"Agreement girl happen front law care military.","frobinson","0","3","3"
80,"War resource evening realize per probably her.","gsantana","1","1","2"
81,"Wish floor inside matter nice really listen meeting language condition.","scott92","0","4","4"
82,"Fund indicate help north friend state do eat lose various.","williamserin","0","1","1"
83,"Language thousand need when simple.","oellis","1","2","3"
84,"Involve education little direction exist president outside.","frobinson","1","4","5"
85,"Why mission because feel military pull.","yblair","0","1","1"
86,"Choice already thank source she.","leachshannon","1","0","1"
87,"Hope could many cold another way sign fund service.","jasmine42","0","3","3"
88,"Could foreign mind myself surface old charge read management production.","ronald01","0","2","2"
89,"Our allow maintain page fish room.","michaelpaul","0","0","0"
90,"Analysis care kitchen purpose.","debra94","0","1","1"
91,"Produce board whole middle under plant expert.","meganaguilar","0","3","3"
92,"Management court head successful response hospital wrong fish.","james67","0","4","4"
93,"Attack detail box choose view week remain decide happy.","woodsjohn","1","1","2"
94,"Again debate take one them.","gonzaleznicholas","1","1","2"
95,"Must plant whether protect most trade final name.","amymccarty","1","1","2"
96,"Bad wide manage address information.","leecharlene","0","1","1"
97,"Fine seat should dream whose agreement tell mention.","amymccarty","1","3","4"
98,"Letter body language there wonder him.","john51","0","3","3"
99,"Until direction opportunity very analysis firm once machine western.","matthewwilliams","0","4","4"
100,"Look floor role agency its professor while seven those budget.","meyersangelica","1","3","4"
101,"Easy picture enough break factor pattern PM seat my.","odrake","1","3","4"
102,"Full need claim many against.","dana80","1","3","4"
103,"Former general yet party individual so attack.","sandrakirby","0","1","1"
104,"Bit avoid yourself campaign alone subject development best student describe.","ronald01","1","3","4"
105,"Really which human participant seat give.","jenniferwaters","1","4","5"
106,"Result thus wind natural customer letter finish.","kellyamber","0","6","6"
107,"Everybody professor show bar standard final.","meganpeterson","0","3","3"
108,"Along particularly factor boy Republican without mention get.","jenniferhughes","1","2","3"
109,"Become me story but order leg food fast pick.","john51","1","1","2"
110,"All structure point especially that product first.","megan30","1","4","5"
111,"President explain situation eat thousand might employee argue home exactly.","brandi20","1","2","3"
112,"Effect fine speak majority large but hear.","scott92","1","3","4"
113,"Anything relationship local air ball better consumer campaign join throw.","thompsonrobert","0","3","3"
114,"Moment buy east example identify likely view around.","caseysean","1","1","2"
115,"Ground eat determine feeling certainly necessary economy agree discussion star.","theresadixon","1","0","1"
116,"Understand relate church serve can street race seat model.","jonesjose","0","1","1"
117,"Sometimes talk remember again leave toward current.","rodneyrichardson","0","2","2"
118,"Cold measure defense mouth manage camera beat activity.","qgarcia","0","1","1"
119,"Action section drug how purpose.","woodsjohn","0","1","1"
120,"Win product election baby seven only scientist teach.","djoseph","1","3","4"
121,"Memory attack land late sing.","jenniferwaters","1","1","2"
122,"Outside they eye out goal group.","yblair","1","1","2"
123,"Maybe read card look safe street current.","uayala","0","4","4"
124,"Fund feeling cause stand visit red forward table.","thernandez","0","0","0"
125,"Herself official receive may push serious successful country describe method.","rodneyrichardson","0","4","4"
126,"Cell our series mother treat structure positive true else feeling.","jack11","1","3","4"
127,"Appear role why learn attention cut billion eight soldier ability.","johnchavez","1","1","2"
128,"Vote continue community whole growth speech.","meyersangelica","0","1","1"
129,"Purpose prevent again trouble.","torresandrea","1","3","4"
130,"Story financial state hotel matter guy.","brandi20","1","0","1"
131,"Because it boy agent common order evening scene.","dpatrick","0","1","1"
132,"Culture continue condition probably particularly measure only wait.","megan30","1","1","2"
133,"Town approach today all positive us maybe.","perezbilly","1","3","4"
134,"Financial plan phone step country article will firm woman.","matthewwilliams","0","6","6"
135,"Magazine loss tree especially position learn senior.","michael20","1","2","3"
136,"Mention next identify language provide.","granthaley","1","0","1"
137,"Type short rather spend similar both significant stuff section lot.","yblair","0","2","2"
138,"Range international everybody book green.","marcus75","1","1","2"
139,"Soon account part wind well thousand impact six loss agree.","gsantana","0","4","4"
140,"Star be hot often worry any include try agree out human.","leecharlene","1","0","1"
141,"Room father identify within street national sea knowledge my night.","garciaregina","0","2","2"
142,"Popular open collection become light environmental.","thomas15","1","0","1"
143,"Idea across player appear similar audience.","donnasimpson","1","2","3"
144,"Police choice cell seven.","shawkins","1","2","3"
145,"Voice boy forward science follow certainly.","michael20","0","2","2"
146,"Seem beat debate late radio like money ball keep since.","theresadixon","0","1","1"
147,"Lose international available despite popular stock memory challenge audience choose.","alan24","0","1","1"
148,"Popular break attention environment few voice thank local.","garciakimberly","0","7","7"
149,"Spring season toward level generation since also himself with garden.","tbarton","1","3","4"
150,"According off little happy short during agency meet window now.","gsantana","1","5","6"
151,"Wall conference especially low trial.","gomezdavid","1","2","3"
152,"Ability possible door pressure sea thought raise suggest six.","barbara42","0","1","1"
153,"Two seven lose probably up strategy.","myersmitchell","0","0","0"
154,"Rate oil defense agree lawyer perhaps stay.","ellischristian","1","7","8"
155,"Particularly firm foreign involve show ten.","brandi20","0","3","3"
156,"Mention hot happy far deep while.","alan24","1","2","3"
157,"Onto until head lay out perhaps chair during such either.","jrodriguez","0","2","2"
158,"Movie report boy two look reality.","james67","0","2","2"
159,"Group eat soon must toward family event dark such firm.","mollyreed","0","2","2"
160,"Analysis what page clear.","perrykeith","0","4","4"
161,"Learn economy explain main sport summer sea record recent approach.","oellis","0","0","0"
162,"Throughout free civil entire result.","thompsonrobert","0","5","5"
163,"Final tonight table loss detail put risk yet so.","criley","1","1","2"
164,"Media adult process message western.","qgrimes","0","3","3"
165,"Yes too dog among believe value fine staff that report.","jorgestrong","1","2","3"
166,"Walk two most ten cup far training opportunity difficult candidate.","mollyreed","0","1","1"
167,"Election small certainly pattern daughter carry successful.","leecharlene","0","2","2"
168,"Wind consider that admit Mrs look call spring.","oellis","0","4","4"
169,"Bank result peace reality evidence out determine.","james67","1","1","2"
170,"Station science push industry certainly Mrs.","jorgestrong","0","2","2"
171,"Five detail company first thing discuss power safe push.","caseysean","1","3","4"
172,"Beyond majority good open executive experience.","ronald01","0","3","3"
173,"Assume heart west training believe system resource truth.","garciakimberly","2","1","3"
174,"Century energy safe crime social school enter wind heavy.","michael20","1","4","5"
175,"General television save himself call.","john51","0","1","1"
176,"Notice prevent figure kitchen seven write decision data wrong best.","oellis","0","2","2"
177,"Business pull see collection cut drive out image.","thomas15","1","0","1"
178,"Defense cup man course teacher message page nearly mind perform.","leecharlene","1","1","2"
179,"House political energy song policy owner ahead generation shoulder day.","amymccarty","1","3","4"
180,"Window key military deep according.","jessicacabrera","1","2","3"
181,"Law before everybody power hot scene view.","jorgestrong","0","1","1"
182,"Theory become buy many partner pressure discover.","sharris","0","1","1"
183,"Important they tax machine century suddenly.","williamserin","0","1","1"
184,"School certainly meet floor right growth specific court.","donnasimpson","0","5","5"
185,"Miss interest rise her along kid explain.","barbara42","0","2","2"
186,"Money store majority choice chance of.","jenniferwaters","1","2","3"
187,"Scientist bring citizen kid support interest conference.","thomas15","0","1","1"
188,"Federal like be happen unit.","scott92","1","1","2"
189,"Management minute air represent sound.","gomezdavid","0","4","4"
190,"Letter employee one reflect soldier.","ogrant","0","1","1"
191,"Down business state way sister civil.","myersmitchell","1","4","5"
192,"Practice physical actually century over short certain PM child.","odrake","1","2","3"
193,"Per attack evidence especially life sister official yeah remain center.","sandrakirby","0","3","3"
194,"Around four PM hospital against fast drop simply or.","alan24","1","1","2"
195,"Easy mission laugh wind action economy.","criley","0","1","1"
196,"Mind without represent resource pretty write under fear knowledge player.","torresandrea","1","1","2"
197,"Song energy simple be certain ago whom.","ushelton","0","1","1"
198,"Appear since experience perform interest particularly notice military civil.","yangkevin","1","2","3"
199,"Environment style remain cup.","harrisemily","1","2","3"
200,"Enter identify participant environmental them really debate energy religious.","amymccarty","0","4","4"
201,"This is a new post!","juancampos","0","0","0"
